d;Y_m4_G1;Y_m10_G0
0.00;1.0000;0.0000
0.01;0.9805;0.0099
0.02;0.9619;0.0196
0.03;0.9443;0.0291
0.04;0.9275;0.0384
0.05;0.9115;0.0475
0.06;0.8964;0.0564
0.07;0.8819;0.0651
0.08;0.8682;0.0736
0.09;0.8551;0.0819
0.10;0.8427;0.0900
0.11;0.8308;0.0979
0.12;0.8195;0.1056
0.13;0.8088;0.1131
0.14;0.7985;0.1204
0.15;0.7888;0.1275
0.16;0.7794;0.1344
0.17;0.7705;0.1411
0.18;0.7620;0.1476
0.19;0.7538;0.1539
0.20;0.7460;0.1600
0.21;0.7385;0.1659
0.22;0.7313;0.1716
0.23;0.7243;0.1771
0.24;0.7176;0.1824
0.25;0.7112;0.1875
0.26;0.7049;0.1924
0.27;0.6989;0.1971
0.28;0.6930;0.2016
0.29;0.6873;0.2059
0.30;0.6817;0.2100
0.31;0.6763;0.2139
0.32;0.6709;0.2176
0.33;0.6657;0.2211
0.34;0.6605;0.2244
0.35;0.6554;0.2275
0.36;0.6503;0.2304
0.37;0.6453;0.2331
0.38;0.6403;0.2356
0.39;0.6353;0.2379
0.40;0.6303;0.2400
0.41;0.6253;0.2419
0.42;0.6203;0.2436
0.43;0.6153;0.2451
0.44;0.6102;0.2464
0.45;0.6050;0.2475
0.46;0.5998;0.2484
0.47;0.5945;0.2491
0.48;0.5892;0.2496
0.49;0.5837;0.2499
0.50;0.5781;0.2500
